<pkgref spec="1.12" uuid="F52E2F65-F79F-4F19-9F33-A9BD7A837FDE"><config><identifier>org.haxe.haxeToolkit.haxe-3.0.pkg</identifier><version>3.0.1</version><description></description><post-install type="none"/><requireAuthorization/><installFrom mod="true">/Users/waneck/Projects/Haxe Toolkit Installer/haxe-3.0.0-osx</installFrom><installTo mod="true">/usr/lib/haxe</installTo><flags><followSymbolicLinks/></flags><packageStore type="internal"></packageStore><mod>installTo</mod><mod>scripts.postinstall.path</mod><mod>scripts.scriptsDirectoryPath.isRelativeType</mod><mod>scripts.preinstall.path</mod><mod>parent</mod><mod>version</mod><mod>installTo.path</mod><mod>scripts.preinstall.isAbsoluteType</mod></config><scripts><preinstall relative="true" mod="true">scripts/haxe-preinstall.sh</preinstall><postinstall relative="true" mod="true">scripts/haxe-postinstall.sh</postinstall><scripts-dir relative="true" mod="true">scripts</scripts-dir></scripts><contents><file-list>01haxe-contents.xml</file-list><filter>/CVS$</filter><filter>/\.svn$</filter><filter>/\.cvsignore$</filter><filter>/\.cvspass$</filter><filter>/\.DS_Store$</filter></contents></pkgref>