<pkgref spec="1.12" uuid="D96BAC6E-70A8-41CE-B436-A979D486FABC"><config><identifier>org.haxe.haxeToolkit.neko-2.0.pkg</identifier><version>2.0.0</version><description></description><post-install type="none"/><requireAuthorization/><installFrom mod="true">/Users/waneck/Projects/Haxe Toolkit Installer/neko-2.0.0-osx</installFrom><installTo mod="true">/usr/lib/neko</installTo><flags><followSymbolicLinks/></flags><packageStore type="internal"></packageStore><mod>installTo</mod><mod>scripts.scriptsDirectoryPath.path</mod><mod>scripts.postinstall.path</mod><mod>scripts.preinstall.path</mod><mod>parent</mod><mod>version</mod><mod>installTo.path</mod></config><scripts><preinstall relative="true" mod="true">scripts/neko-preinstall.sh</preinstall><postinstall relative="true" mod="true">scripts/neko-postinstall.sh</postinstall><scripts-dir relative="true" mod="true">scripts</scripts-dir></scripts><contents><file-list>02neko-contents.xml</file-list><filter>/CVS$</filter><filter>/\.svn$</filter><filter>/\.cvsignore$</filter><filter>/\.cvspass$</filter><filter>/\.DS_Store$</filter></contents></pkgref>