<pkg-contents spec="1.12"><f n="neko-2.0.0-osx" o="waneck" g="staff" p="16877" pt="/Users/waneck/Projects/Haxe Toolkit Installer/neko-2.0.0-osx" m="false" t="file"><f n=".DS_Store" o="waneck" g="staff" p="33188"/><f n="CHANGES" o="waneck" g="staff" p="33188"/><f n="include" o="waneck" g="staff" p="16877"><f n="neko.h" o="waneck" g="staff" p="33188"/><f n="neko_mod.h" o="waneck" g="staff" p="33188"/><f n="neko_vm.h" o="waneck" g="staff" p="33188"/></f><f n="libneko.dylib" o="waneck" g="staff" p="33261"/><f n="LICENSE" o="waneck" g="staff" p="33188"/><f n="mod_neko2.ndll" o="waneck" g="staff" p="33261"/><f n="mod_tora2.ndll" o="waneck" g="staff" p="33261"/><f n="mysql.ndll" o="waneck" g="staff" p="33261"/><f n="mysql5.ndll" o="waneck" g="staff" p="33261"/><f n="neko" o="waneck" g="staff" p="33261"/><f n="nekoc" o="waneck" g="staff" p="33261"/><f n="nekoml" o="waneck" g="staff" p="33261"/><f n="nekoml.std" o="waneck" g="staff" p="33188"/><f n="nekotools" o="waneck" g="staff" p="33261"/><f n="regexp.ndll" o="waneck" g="staff" p="33261"/><f n="sqlite.ndll" o="waneck" g="staff" p="33261"/><f n="std.ndll" o="waneck" g="staff" p="33261"/><f n="test.n" o="waneck" g="staff" p="33188"/><f n="zlib.ndll" o="waneck" g="staff" p="33261"/></f></pkg-contents>