<pkmkdoc spec="1.12"><properties><title>Haxe Toolkit</title><build>/Users/waneck/Projects/Haxe Toolkit Installer/out/Haxe Toolkit.pkg</build><organization>org.haxe</organization><userSees ui="easy"/><min-target os="3"/><domain system="true"/></properties><distribution><versions min-spec="1.000000"/><scripts></scripts></distribution><contents><choice title="Haxe Toolkit 3.0.1" id="haxe31" starts_selected="true" starts_enabled="true" starts_hidden="false"><customLoc>/usr/lib/haxe</customLoc><pkgref id="org.haxe.haxeToolkit.haxe-3.0.pkg"/></choice><choice title="Neko VM 2.0.0" id="nekovm20" starts_selected="true" starts_enabled="true" starts_hidden="false"><customLoc>/usr/lib/neko</customLoc><pkgref id="org.haxe.haxeToolkit.neko-2.0.pkg"/></choice></contents><resources bg-scale="none" bg-align="bottomleft"><locale lang="en"><resource relative="true" mod="true" type="background">haxelogo3.png</resource><resource mod="true" type="license">/Users/waneck/Projects/Haxe Toolkit Installer/haxe-3.0.0-osx/LICENSE.txt</resource></locale></resources><flags/><preinstall><action id="com.apple.packagemaker.actions.getapplication"><item1-title>haxe</item1-title><item2-title>haxe</item2-title></action><action id="com.apple.packagemaker.actions.killapplication"><value>3</value></action></preinstall><postinstall><action id="com.apple.packagemaker.actions.createalias"><value>/usr/lib/haxe/haxe</value><type>absolute-path</type><item1-title>/usr/bin/haxe</item1-title></action><action id="com.apple.packagemaker.actions.createalias"><value>/usr/lib/haxe/haxedoc</value><type>absolute-path</type><item1-title>/usr/bin/haxedoc</item1-title></action><action id="com.apple.packagemaker.actions.createalias"><value>/usr/lib/haxe/haxelib</value><type>absolute-path</type><item1-title>/usr/bin/haxelib</item1-title></action><action id="com.apple.packagemaker.actions.createalias"><value>/usr/lib/neko/neko</value><type>absolute-path</type><item1-title>/usr/bin/neko</item1-title></action><action id="com.apple.packagemaker.actions.createalias"><value>/usr/lib/neko/nekoc</value><type>absolute-path</type><item1-title>/usr/bin/nekoc</item1-title></action><action id="com.apple.packagemaker.actions.createalias"><value>/usr/lib/neko/nekoml</value><type>absolute-path</type><item1-title>/usr/bin/nekoml</item1-title></action><action id="com.apple.packagemaker.actions.createalias"><value>/usr/lib/neko/nekotools</value><type>absolute-path</type><item1-title>/usr/bin/nekotools</item1-title></action><action id="com.apple.packagemaker.actions.createalias"><value>/usr/lib/neko/libneko.dylib</value><type>absolute-path</type><item1-title>/usr/lib/libneko.dylib</item1-title></action></postinstall><item type="file">01haxe.xml</item><item type="file">02neko.xml</item><mod>properties.anywhereDomain</mod><mod>properties.systemDomain</mod><mod>properties.title</mod><mod>properties.customizeOption</mod><mod>preinstallActions.actions</mod><mod>postinstallActions.actions</mod></pkmkdoc>